#{"t_start": 1681381771.0962954, "env_id": null}
r,l,t
0,281,5.030158
0,308,5.306615
0,151,5.440156
0,522,5.944863
0,855,8.386274
0,753,9.094646
0,444,9.502592
0,324,9.801893
0,322,10.099093
0,119,10.214893
0,352,12.153045
0,331,12.476815
0,165,12.638102
0,114,12.754753
0,184,12.932832
0,254,13.181344
0,1190,15.788987
0,169,15.955392
0,135,16.085799
0,351,16.436093
0,207,16.637901
0,745,18.747395
0,116,18.873281
0,148,19.017989
65,98,19.116858
0,104,19.220301
0,499,19.728688
0,92,19.818979
0,60,19.878444
0,150,20.023918
0,255,20.271802
0,89,20.358626
0,139,20.501375
0,79,20.576919
116,161,22.123704
0,374,22.471496
0,330,22.781599
0,265,23.04645
0,185,23.223271
0,67,23.289895
0,339,23.61602
0,244,23.863334
0,135,23.998405
0,191,26.092385
0,83,26.179495
0,114,26.285667
0,68,26.350066
0,114,26.457155
0,146,26.595367
42,97,26.693924
0,121,26.80835
0,190,26.987947
0,189,27.169734
0,132,27.294513
0,278,27.553556
0,115,27.665442
0,155,27.807939
0,130,27.926847
0,148,29.371902
0,81,29.446921
49,96,29.534636
0,67,29.595856
0,223,29.798758
0,155,29.942884
0,159,30.084605
0,71,30.149529
0,147,30.281024
0,62,30.337303
0,133,30.455864
0,78,30.526134
0,128,30.640122
0,66,30.699671
0,123,30.814705
0,133,30.933029
0,140,31.057802
0,124,32.462753
0,162,32.610081
0,272,32.85404
0,128,32.973623
0,110,33.071921
0,188,33.239137
0,151,33.375317
0,164,33.523353
0,152,33.660319
0,125,33.771897
0,177,33.93398
0,204,34.116802
0,202,35.579116
0,176,35.741201
0,154,35.878132
0,82,35.951846
0,65,36.010618
0,43,36.053497
78,120,36.160568
0,107,36.256518
0,57,36.306715
0,68,36.36821
0,233,36.57692
0,125,36.688273
0,121,36.797649
0,101,36.888165
0,103,36.98567
0,105,37.079938
0,119,37.187465
0,230,38.684443
0,105,38.781415
0,78,38.851707
0,129,38.968792
0,105,39.062672
0,397,39.430931
0,85,39.507694
0,103,39.599951
0,313,39.882199
0,113,39.985293
0,96,40.074977
0,140,40.20234
0,154,40.339013
0,116,40.44344
0,34,40.473253
0,84,41.836373
0,68,41.89766
0,132,42.019926
0,116,42.124736
0,108,42.220528
0,117,42.332399
0,92,42.413322
0,103,42.505702
0,219,42.701728
0,105,42.795572
60,240,43.010205
0,71,43.07413
0,368,43.408041
0,256,43.636537
0,102,45.14009
0,569,45.657341
0,1330,46.849535
0,1120,49.147247
0,503,49.606224
0,4226,56.000023
0,80,56.071152
0,2699,61.035135
0,96,61.122172
0,134,61.243168
0,950,62.107604
0,108,62.20577
0,73,62.270684
0,160,62.416325
5877,8753,76.882427
0,11345,93.8197
0,27,93.84602
0,632,95.728992
0,19103,125.648389
0,233,125.8677
0,110,125.971241
0,14383,149.087679
0,6508,159.497005
0,7503,172.59514
0,22554,208.539436
0,121,208.647454
0,3192,214.111328
0,1061,215.069159
0,171,215.223022
0,16377,240.325609
0,458,240.739217
0,1119,243.050823
0,574,243.563061
0,410,243.932805
0,397,245.58672
0,319,245.877774
0,233,246.085305
0,872,246.870413
0,83,246.946542
0,247,247.167083
0,344,248.710859
0,95,248.79594
0,8503,261.53487
0,74,261.602338
0,105,261.697534
0,147,261.830221
0,194,262.006426
0,24475,299.337332
0,1121,301.665855
0,10677,318.042119
0,7836,330.684223
0,48,330.729862
0,117,330.83795
0,143,330.970118
0,22947,366.920577
0,389,367.289843
0,11325,385.510884
0,1359,386.750731
0,37,386.785537
0,396,388.450713
0,368,388.793187
0,338,389.100799
0,434,389.49688
0,1617,392.327662
86,344,392.639574
0,510,393.108651
0,1029,395.373023
0,81,395.447078
0,264,395.686748
0,98,395.776055
0,185,395.949954
0,130,396.067752
0,76,396.137327
0,178,396.298152
0,105,396.393793
0,78,396.465159
0,81,396.537601
0,73,396.604829
0,397,398.292864
0,432,398.68784
0,4994,405.8024
0,26069,734.191177
0,7433,746.488998
27,1653,748.096798
0,86,749.788129
0,4100,756.678941
0,78,756.764685
0,326,757.077584
0,183,757.25504
0,219,757.46312
0,81,757.540586
0,1691,760.549885
0,3803,766.701368
0,214,766.898992
33,278,767.152826
220,221,767.358654
0,71,767.423725
0,48,767.466567
0,475,767.897048
0,839,769.968065
296,338,770.269528
0,66,770.329287
0,40,770.364504
0,1237,772.789193
0,192,772.982026
0,198,773.163122
0,116,773.268586
0,90,773.351524
0,33,773.380979
0,178,773.543152
0,104,773.64297
0,200,773.82507
0,130,773.944453
0,113,774.046793
0,87,774.124501
0,210,774.316583
0,111,774.418141
0,162,774.571478
0,68,774.632055
0,24318,814.013188
0,12903,835.680838
0,7334,846.86689
0,608,848.812352
0,2676,852.747044
0,155,852.896669
0,140,853.02926
0,128,853.15061
0,513,853.642046
0,1085,856.005705
154,234,856.226718
0,95,856.316767
0,219,856.524462
0,82,856.602524
0,231,856.824085
0,147,856.972347
0,779,859.075024
0,239,859.309155
0,579,859.860404
741,1586,862.740458
0,1134,863.824603
0,121,863.939034
0,1851,867.057891
0,248,868.650356
0,346,868.986456
0,497,869.465343
0,176,869.633962
0,406,870.027227
0,68,870.091079
0,318,870.395251
0,233,871.953319
0,180,872.126503
119,208,872.322052
0,156,872.465484
0,28,872.490726
0,201,872.674541
0,50,872.719375
0,549,873.219386
0,218,873.426754
0,230,873.636752
0,715,875.553699
0,97,875.642595
0,110,875.74337
0,64,875.800867
0,113,875.905901
0,271,876.15217
0,104,876.247237
0,284,876.510488
0,65,876.570574
0,105,876.666821
0,102,876.759951
0,543,878.619033
0,156,878.766515
0,407,879.145862
97,129,879.266414
0,65,879.328858
0,148,879.466491
0,113,879.579493
0,210,879.774854
0,435,880.184351
0,83,881.586697
0,178,881.758653
0,88,881.848526
162,228,882.063783
0,485,882.517447
0,208,882.712464
0,35,882.746403
0,1167,885.208825
0,292,885.480671
0,626,886.072675
46,325,886.37715
0,189,886.554594
0,106,886.653808
0,351,888.256718
0,83,888.332033
0,842,889.100671
0,2868,892.989257
0,767,895.009872
0,2588,898.668853
297,582,899.188806
0,164,899.335181
0,159,900.773451
0,646,901.356059
0,126,901.46867
0,562,901.97827
0,154,902.117362
0,184,902.281654
0,157,902.423294
0,72,902.486748
0,76,902.560706
0,819,904.589258
0,871,905.374548
3077,3277,910.926806
0,48,910.969211
0,32,910.999263
0,668,911.597654
0,170,911.749364
0,307,913.341221
0,147,913.478207
0,1562,914.90272
0,237,915.12294
0,280,916.717043
2436,3256,920.987478
25,835,923.082388
0,35,923.115772
0,584,923.666887
0,350,923.988201
0,303,924.26728
0,280,924.529286
0,46,924.572613
0,187,924.745555
0,53,926.131017
0,1838,927.83468
0,156,927.97735
0,164,929.489668
0,1160,930.567722
0,16516,956.930361
0,481,957.364353
0,172,958.822955
0,1228,959.957422
0,1996,963.075869
0,93,963.160045
0,301,963.433161
0,9639,978.772369
0,204,978.958708
0,18910,1007.961106
0,200,1008.143599
21,392,1009.815895
0,2974,1013.807257
0,801,1014.542188
0,70,1014.606576
0,766,1016.5653
0,598,1017.114713
0,3588,1022.904521
0,585,1023.443871
0,703,1025.382441
0,123,1025.504056
0,627,1026.073817
0,107,1026.171689
0,237,1026.39263
0,67,1026.454379
0,3692,1032.387866
0,243,1032.610007
0,2195,1035.912199
0,229,1036.116855
1299,1335,1038.589044
0,65,1038.647974
0,575,1039.176717
0,59,1039.2286
0,1511,1041.832666
0,211,1042.021773
0,294,1042.284223
0,56,1042.33518
0,60,1042.38949
238,379,1042.734143
0,158,1042.875272
0,697,1044.839451
0,129,1044.958539
0,732,1045.644173
0,48473,1121.407578
72,226,1121.617044
0,1175,1124.084307
0,3417,1128.650576
4670,4855,1137.24394
0,391,1137.624631
0,59,1137.678331
0,63,1137.737983
0,59,1137.791963
0,55,1137.843974
0,118,1137.954066
0,3643,1144.054629
0,134,1144.178987
0,46,1144.220932
0,49,1144.267791
0,83,1144.346077
0,192,1144.523828
76,102,1144.618838
0,111,1144.723223
0,46,1144.781769
0,41,1144.819354
0,401,1145.197344
0,35,1145.229887
0,66,1145.29356
0,70,1145.360049
0,172,1146.821866
0,94,1146.913241
0,160,1147.069504
0,220,1147.274834
0,55,1147.327177
26,97,1147.41775
0,71,1147.482979
0,226,1147.694844
0,77,1147.765594
0,81,1147.841724
0,95,1147.930798
0,148,1148.075605
0,212,1148.274374
0,25,1148.297515
0,30,1148.327589
0,1262,1150.818591
0,1542,1153.633638
0,89,1153.719401
0,46,1153.762388
0,78,1153.836951
0,281,1154.102373
0,71,1154.170954
0,46,1154.215634
0,250,1154.459655
0,147,1154.599446
0,116,1154.709542
0,94,1154.799236
0,64,1154.861058
0,312,1155.159103
0,136,1156.678303
0,38,1156.715101
0,16955,1183.982225
0,7655,1196.657624
0,3406,1201.296427
0,88,1201.386405
0,121,1201.501505
0,297,1201.785606
0,724,1203.831463
0,259,1204.077966
0,108,1204.180886
0,313,1204.480165
0,32581,1255.207016
0,145,1255.341558
242,425,1255.740357
0,87,1255.820357
160,226,1257.324726
0,252,1257.560147
16,995,1258.480692
0,57,1258.534
0,2061,1261.777082
0,427,1262.173431
0,146,1262.308516
0,106,1262.40579
0,842,1264.477676
0,80,1264.550606
29,312,1264.834108
104,227,1265.039623
0,98,1265.127002
0,321,1265.42455
0,125,1265.538805
0,91,1266.871672
0,96,1266.959373
0,64,1267.019583
0,1030,1267.961381
0,88,1268.043058
5956,7089,1279.754288
0,155,1279.901617
0,211,1280.095447
0,65,1280.156122
0,80,1280.230296
0,1483,1282.860363
0,576,1283.399261
0,58,1283.45161
0,6121,1293.046065
0,47,1293.090353
0,84,1293.168259
0,75,1293.235919
0,489,1293.692904
0,144,1293.824407
0,2926,1299.060714
0,10259,1315.011888
0,173,1315.170841
0,39,1315.208346
0,114,1315.313127
0,29,1315.345331
0,21129,1348.123279
0,504,1348.586602
0,44,1348.628082
0,632,1350.592584
0,237,1350.8199
0,617,1351.416505
0,139,1351.548864
0,709,1353.601657
0,13092,1373.809465
0,160,1373.951849
154,518,1374.417563
0,46,1374.457992
0,56,1374.508903
0,403,1376.11404
0,66,1376.173099
0,472,1376.594596
0,134,1376.713954
0,59,1376.7732
0,58,1376.826154
101,490,1377.263844
0,65,1377.321009
0,85,1377.397454
0,149,1377.532029
0,825,1379.574859
0,7043,1389.931697
0,56,1389.982777
0,493,1390.42984
0,152,1391.868812
0,328,1392.166032
0,177,1392.32516
0,145,1392.460093
0,169,1392.612135
0,138,1392.735208
0,76,1392.802267
0,703,1393.439646
0,527,1395.225585
0,724,1395.887393
0,33,1395.916913
0,43,1395.956222
0,92,1396.041391
0,72,1396.107917
0,159,1396.251426
0,107,1396.348458
0,100,1396.444649
0,50,1396.491034
0,110,1396.591099
0,225,1396.794976
0,166,1398.23723
0,209,1398.430298
0,122,1398.540747
0,168,1398.698006
80,106,1398.794377
0,232,1399.004707
0,128,1399.120353
0,133,1399.242797
0,92,1399.327472
0,199,1399.50686
0,260,1399.74953
0,13581,1420.929076
0,623,1421.505197
0,300,1421.781013
0,169,1423.214391
0,1170,1424.297857
0,678,1424.914783
21,644,1426.843363
0,1458,1428.177039
0,642,1430.075944
0,170,1430.232319
0,2202,1433.639495
0,1249,1436.207019
0,1391,1437.533772
389,928,1439.791907
0,12781,1459.407147
0,325,1459.703588
0,14853,1482.629254
0,125,1482.742756
0,163,1482.890215
0,381,1484.546987
0,277,1484.796
0,641,1485.368125
0,753,1486.047552
0,3641,1491.919115
0,17573,1519.938607
0,45,1519.980339
0,24586,1558.541769
0,29,1558.567645
0,42,1558.606494
0,1692,1561.43695
0,18314,1589.684617
0,7910,1602.072856
1276,1936,1603.888869
0,206,1605.421239
0,5638,1613.385013
0,2478,1618.354981
0,69,1618.422822
0,31,1618.452343
0,44,1618.496288
0,987,1619.421893
0,938,1621.593549
0,276,1621.860789
0,339,1622.17562
0,2098,1625.441182
23,217,1625.642929
0,252,1625.883787
0,680,1626.50925
0,617,1628.405391
0,5730,1637.926776
0,247,1638.164772
0,27,1638.189497
0,271,1638.443894
0,58,1638.497187
0,1125,1639.550553
0,897,1641.767372
0,99,1641.860009
0,327,1642.170688
0,946,1643.055801
0,2055,1646.32772
0,113,1647.754159
0,88,1647.839714
0,63,1647.899261
0,8809,1661.542569
112,4201,1668.058908
0,34859,1721.211848
0,47,1721.257712
0,1545,1724.040313
0,21759,1757.777769
0,5628,1766.785615
0,42,1766.823412
0,174,1766.981089
0,823,1769.017214
0,145,1769.148365
0,349,1769.461336
0,138,1769.584331
0,851,1770.350899
0,218,1770.549898
0,59,1770.603525
0,213,1772.102643
0,85,1772.177593
0,47,1772.220743
0,32,1772.248923
0,1064,1773.207931
0,16084,1797.929818
0,142,1798.066408
0,1471,1800.830848
4863,24087,1838.574607
0,459,1838.995919
0,5409,1846.529557
0,305,1848.134127
0,1324,1849.347275
0,207,1849.536225
0,267,1849.784332
0,2631,1854.79954
0,990,1855.704613
0,435,1856.106291
0,102,1857.526876
0,66,1857.589808
0,121,1857.702398
0,6365,1867.4129
0,92,1867.50365
0,28,1867.528538
0,11792,1886.06741
0,1975,1887.870329
0,8864,1902.315866
0,161,1902.461118
0,74,1902.528927
0,11938,1921.508589
0,5148,1929.067898
0,2756,1934.415226
0,177,1934.580933
0,187,1934.759121
0,10120,1950.835283
0,8541,1963.837038
0,306,1964.118955
0,1276,1966.572242
0,69,1966.633539
0,3012,1970.668637
0,12501,1989.770995
0,69,1989.838937
0,120,1989.950583
0,76,1990.01911
0,52,1990.067654
0,139,1991.524143
0,92,1991.61509
0,308,1991.908395
0,185,1992.090016
0,308,1992.380261
0,147,1992.520631
0,106,1992.62108
0,36,1992.654677
0,361,1992.99791
0,9503,2008.737931
0,409,2009.128528
0,968,2011.405567
0,229,2011.6297
0,139,2011.764033
0,444,2012.187957
0,437,2012.610579
0,2550,2016.428167
0,150,2017.904572
0,88,2017.98771
0,51,2018.034624
0,4893,2025.186243
0,283,2025.44856
0,101,2025.540697
0,149,2025.676002
104,104,2025.771299
0,521,2027.568871
0,277,2027.823094
0,121,2027.935008
0,635,2028.518526
0,26356,2069.474557
0,9773,2085.326047
1144,9619,2099.713216
0,3847,2106.084477
0,124,2106.199505
0,146,2106.33396
0,316,2107.978702
0,20857,2141.385613
0,42,2141.424404
0,1913,2144.567726
0,395,2144.936994
0,131,2145.061017
0,637,2145.662275
0,17546,2173.959055
0,752,2174.644378
0,27,2174.668419
0,2544,2178.273991
95,278,2179.824661
0,95,2179.911744
0,129,2180.028219
0,84,2180.10455
43,510,2180.568835
0,101,2180.660064
0,2611,2184.325721
0,2722,2189.404726
0,5268,2196.809962
0,3595,2202.714026
0,92,2202.79569
0,207,2202.983144
0,27730,2245.821754
0,208,2246.012477
0,640,2246.604711
0,140,2246.732789
0,1305,2249.257819
0,380,2249.611261
0,210,2249.803868
0,15847,2274.764311
0,101,2274.857726
0,801,2275.59847
0,715,2277.570622
0,395,2277.938347
0,2225,2281.258793
0,3044,2285.331098
0,49,2285.37526
0,2385,2290.206984
0,416,2290.596599
0,49,2290.64078
0,125,2290.755315
0,81,2290.830347
0,242,2291.052105
0,152,2291.190865
0,109,2291.298286
0,48,2291.341749
0,1044,2293.615409
0,159,2293.762153
0,245,2293.986461
0,78,2294.058619
0,324,2294.362474
0,1518,2297.099277
0,1006,2298.026082
0,1006,2300.270988
0,203,2300.457617
0,926,2301.311697
0,147,2301.445987
0,291,2303.0324
0,356,2303.36586
0,52,2303.414959
0,1174,2304.498356
0,836,2306.586278
0,247,2306.812459
0,421,2307.204318
0,165,2307.354662
0,52,2307.403571
0,4819,2314.48036
0,65,2315.864351
0,23822,2352.860853
0,520,2353.358661
0,4556,2361.521196
36,892,2362.33441
0,339,2362.641799
0,121,2362.751831
0,145,2362.885256
0,842,2365.001664
0,272,2365.249504
0,612,2365.809082
0,70,2365.873376
0,170,2366.027291
28,137,2366.153442
0,262,2367.702473
0,50,2367.748211
0,84,2367.826706
5,111,2367.928226
0,235,2368.141496
23,85,2368.219098
0,244,2368.441694
0,262,2368.683582
0,66,2368.744256
0,77,2368.814668
0,331,2369.115101
0,349,2369.431748
0,183,2370.866416
0,476,2371.300133
0,89,2371.38116
0,233,2371.592164
0,979,2372.484406
0,128,2372.605681
0,80,2373.96507
0,201,2374.152143
0,386,2374.503571
0,123,2374.614966
0,211,2374.812195
0,13616,2396.125059
0,104,2396.219742
0,72,2396.285504
0,574,2396.810455
0,982,2397.705165
0,107,2397.802258
0,94,2399.154549
0,869,2399.949302
0,272,2400.194757
0,438,2400.597124
0,89,2400.677986
0,151,2400.814262
0,54,2400.864058
89,92,2402.205419
0,850,2402.986121
0,349,2403.303444
0,62,2403.359353
0,2256,2406.769722
0,289,2407.032189
0,609,2408.833727
0,638,2409.418645
0,770,2410.121446
0,125,2410.23469
0,49,2410.279896
0,380,2411.871917
0,195,2412.05449
0,691,2412.678821
0,470,2413.109707
0,40,2413.147016
0,2345,2416.534951
0,123,2417.894512
0,2259,2421.217971
0,22667,2455.904001
0,157,2456.04568
0,5032,2463.152179
0,2215,2466.429808
0,431,2466.819864
0,7397,2478.786489
0,980,2480.986865
0,108,2481.091074
0,1350,2482.319207
0,7750,2494.458432
0,86,2494.535775
0,420,2494.912505
0,229,2495.117525
0,159,2496.554624
0,1672,2498.077154
0,3935,2504.298894
0,178,2504.45969
0,390,2506.131113
0,627,2506.70161
0,4669,2513.635457
0,169,2513.788051
44,88,2513.868064
0,366,2514.205517
0,1004,2516.472022
0,119,2516.58102
0,579,2517.112154
0,3630,2523.012753
390,409,2523.384906
0,636,2525.218729
0,236,2525.435027
0,1314,2526.636707
0,44,2526.677868
0,58,2526.729679
0,8902,2541.202893
0,70,2541.267223
0,151,2541.403481
0,70,2541.46771
0,93,2541.552436
0,3837,2547.573087
218,219,2547.771719
0,2174,2551.028483
0,1128,2552.054362
0,28766,2599.095319
0,336,2599.402978
0,578,2599.929883
0,261,2600.16487
0,67,2600.225994
0,348,2600.545191
0,338,2600.849764
0,827,2602.91968
0,280,2603.173486
0,1179,2605.550135
0,44,2605.59213
0,1115,2606.6033
0,667,2607.210303
0,627,2609.093768
0,88,2609.174123
0,255,2609.404599
63,140,2609.530474
0,129,2609.646626
18,102,2609.739152
0,1517,2612.421855
0,97,2612.509194
0,25280,2651.999975
0,422,2652.39823
0,418,2654.180464
0,3023,2658.365691
0,225,2658.576122
0,74,2658.645459
0,210,2658.848759
0,99,2658.93909
0,482,2660.688363
0,1822,2663.758075
0,156,2663.902322
0,1798,2666.902063
0,314,2667.19321
0,6257,2676.935593
0,259,2677.176279
0,205,2677.369591
0,64,2677.430746
0,1797,2680.45406
0,81,2680.527848
0,379,2680.881835
0,49,2680.926649
0,1579,2683.746111
0,114,2683.852578
0,105,2683.95091
0,91,2684.036318
0,212,2684.240877
0,3392,2690.093046
0,35,2690.127113
0,175,2690.289961
0,238,2690.510892
0,196,2690.699617
0,1027,2692.950719
0,1007,2693.896221
0,79,2693.968218
0,188,2694.144246
0,248,2694.375431
0,206,2694.566909
0,46,2694.610847
0,195,2696.162939
0,985,2697.084699
0,286,2697.351637
0,239,2697.573011
0,4220,2704.285292
0,959,2706.494791
0,1073,2707.478082
0,74,2707.546023
0,2291,2712.24268
0,3266,2716.504225
0,851,2718.582884
0,2105,2721.790455
0,3959,2726.683878
0,43,2728.019881
0,547,2728.528965
0,258,2728.767735
0,271,2729.015184
0,694,2729.65078
0,291,2731.284646
0,778,2732.023181
57,1345,2734.623106
0,152,2734.761891
0,476,2735.193102
0,375,2735.530596
0,90,2735.609879
0,134,2735.731693
0,107,2735.82777
0,143,2735.961329
0,236,2736.173081
0,329,2737.723383
0,76,2737.794083
0,536,2738.282194
0,1227,2739.387704
0,198,2740.841998
0,49,2740.886317
0,1324,2742.083999
0,64,2742.140722
0,6998,2753.425264
0,373,2753.760374
0,199,2753.937499
0,14917,2776.454751
0,648,2778.364334
0,67,2778.427055
0,121,2778.536258
0,205,2778.72044
0,5430,2786.289379
0,236,2786.502284
0,2164,2791.058627
0,551,2791.562936
0,615,2792.116189
0,101,2792.207584
0,978,2794.361446
0,4043,2800.566001
0,157,2800.708478
0,1813,2803.615055
0,25,2803.637822
0,352,2803.96251
0,50,2804.006794
0,93,2804.091159
0,612,2804.643576
0,329,2804.946416
0,294,2805.212329
0,66,2805.270968
0,99,2806.663885
0,2979,2810.665225
0,67,2810.726623
0,451,2811.139356
0,184,2811.30618
0,1201,2813.712377
0,641,2814.300115
0,558,2814.806432
0,616,2816.670406
0,56,2816.722227
0,124,2816.835148
0,110,2816.935385
0,212,2817.128835
0,68,2817.191489
0,134,2817.318688
0,131,2817.437266
0,158,2817.580387
0,277,2817.833566
0,30,2817.860668
0,92,2817.944534
1101,1109,2820.277442
0,977,2821.158384
0,4861,2829.403037
0,50,2829.447091
0,822,2830.189389
0,50,2830.23527
0,4553,2838.213795
0,55,2838.266211
0,68,2838.332264
0,66,2838.393653
0,22339,2872.986736
0,2558,2876.621913
0,67,2876.682565
0,57,2876.732674
0,82,2876.806415
0,97,2876.89343
0,102,2876.984988
0,1149,2879.350456
0,34,2879.38178
0,145,2879.522353
49,79,2879.593215
0,115,2879.698464
0,43,2879.738847
0,357,2880.064598
0,168,2880.21887
0,98,2880.306623
0,94,2880.393425
0,52,2880.447723
0,732,2881.113673
0,55,2882.488945
0,117,2882.598682
0,80,2882.679095
0,242,2882.899774
0,25,2882.922266
0,540,2883.417207
0,42,2883.454874
0,90,2883.53727
0,83,2883.619212
0,39,2883.654286
0,301,2883.92921
0,113,2884.032493
0,128,2884.149072
0,111,2884.250326
88,1783,2887.209491
0,317,2887.499951
0,198,2889.003166
0,113,2889.106086
0,130,2889.222336
0,1940,2892.276266
0,310,2892.554235
0,87,2892.630851
0,102,2892.722467
0,143,2892.852402
0,226,2893.060582
0,176,2893.217657
0,146,2893.349332
0,58,2893.402899
0,6907,2904.845305
0,117,2904.951876
0,231,2905.158789
0,73,2905.223149
0,49,2905.267993
0,113,2905.369276
0,878,2906.159159
0,115,2906.262363
0,196,2906.443933
0,162,2907.883685
0,67,2907.946143
0,682,2908.563392
0,292,2908.826003
0,349,2909.138266
0,136,2909.259552
0,209,2909.453807
0,242,2910.971703
0,835,2911.736577
0,3602,2917.57555
0,224,2917.778825
0,1471,2920.408952
0,1240,2921.545752
0,122,2921.656642
0,54,2921.704862
0,938,2923.846311
0,415,2924.228701
0,497,2924.679109
0,298,2924.949812
0,2613,2929.891627
0,61,2929.949697
0,65,2930.01112
0,1031,2930.950907
0,189,2931.122557
0,269,2931.371399
0,126,2931.485431
0,570,2933.256411
0,149,2933.399631
0,32,2933.428254
0,225,2933.632245
0,92,2933.715877
0,443,2934.117729
0,131,2934.237058
0,43,2934.282629
0,53,2934.33073
0,1128,2936.640939
0,58,2936.692706
0,3407,2941.128638
0,30,2941.155492
0,1260,2943.671973
0,837,2945.842005
0,1242,2947.026196
0,112,2947.130937
0,440,2947.543284
0,164,2947.694852
0,61,2949.122589
0,1777,2950.82718
0,75,2950.898598
0,64,2950.958101
0,368,2952.673405
0,24,2952.695796
0,360,2953.037912
0,375,2953.39598
0,38,2953.433721
0,82,2953.509917
0,355,2953.853678
0,204,2954.047831
0,186,2954.223737
0,1310,2956.841012
0,48,2956.887675
0,151,2957.030781
0,1540,2959.880417
0,734,2960.585639
0,145,2960.722922
0,37,2960.759384
0,109,2960.86268
0,90,2960.946827
0,3030,2966.490647
0,134,2966.623233
0,284,2966.894978
0,2278,2970.415579
0,350,2970.74863
0,54,2970.799127
0,1467,2973.526827
0,11491,2992.27787
0,421,2992.663946
0,67,2992.723574
77,3989,2998.842968
0,609,2999.400344
0,928,3001.501043
0,2058,3004.653624
0,576,3005.174277
0,790,3005.892179
0,2679,3010.85002
0,31147,3059.958652
0,11369,3077.095407
0,115,3077.200299
0,123,3078.617805
0,83,3078.696189
0,91,3078.779686
0,558,3079.294154
0,1085,3080.290171
0,169,3081.770691
0,235,3082.009679
0,31827,3131.734746
0,230,3131.950464
0,5342,3140.586947
0,383,3140.929292
0,40,3140.966399
0,6774,3150.963023
0,489,3152.682145
0,812,3153.427831
0,10743,3170.012736
0,1206,3172.516208
0,34703,3228.562341
0,478,3229.020254
0,43,3229.06259
0,64,3229.123145
0,1921,3232.324399
0,942,3234.618861
0,350,3234.958612
0,66,3235.01892
0,225,3235.228136
0,207,3235.420952
0,91,3235.506217
0,2027,3238.73602
0,709,3239.407648
0,51,3239.457114
0,33,3239.488082
0,2283,3242.947895
0,741,3244.938279
0,22,3244.958533
0,66,3245.018996
0,24,3245.042859
0,966,3245.94648
23,2760,3251.188433
0,126,3251.305156
7,80,3251.380422
17,136,3251.512183
0,35,3251.546614
0,120,3251.658052
0,24,3251.680188
0,980,3252.5963
0,394,3254.28082
0,74,3254.351149
0,25,3254.374511
0,334,3254.685112
0,42,3254.731139
0,490,3255.185492
0,138,3255.315246
0,751,3257.370085
0,618,3257.973944
0,235,3258.19801
0,164,3258.354637
0,80,3258.431637
0,354,3258.770299
0,81,3258.846452
0,174,3259.019275
0,128,3259.140922
0,245,3260.692257
0,25,3260.718262
0,42,3260.758238
0,263,3261.003742
0,58,3261.058707
0,223,3261.272246
0,1922,3264.415377
0,137,3264.54723
0,123,3264.664738
0,130,3264.791198
0,67,3264.853741
0,282,3265.121834
0,94,3265.211237
0,31573,3315.329991
0,137,3315.453481
0,252,3315.6804
0,213,3315.878812
0,55,3315.92931
0,162,3316.074902
0,181,3316.238829
0,569,3316.751615
0,302,3318.273885
0,506,3318.734501
0,283,3318.996601
0,240,3319.21334
0,117,3319.319339
0,113,3319.421958
0,84,3319.498513
0,38,3319.532311
0,220,3319.731437
0,56,3319.782931
0,510,3321.495333
0,270,3321.741197
0,904,3322.561367
0,144,3322.690743
0,227,3322.900608
0,38,3322.936032
0,222,3323.136054
0,397,3324.759573
0,995,3325.661015
0,1049,3327.860344
0,124,3327.972055
0,247,3328.200176
0,1353,3329.426772
0,375,3331.014462
0,102,3331.107049
0,3613,3335.634279
0,93,3336.962
0,547,3337.46888
0,134,3337.591197
0,339,3337.897245
0,1679,3340.672911
0,456,3341.084224
0,854,3341.859
0,2008,3344.950976
0,7520,3356.804098
0,256,3357.036193
4143,4894,3365.257569
0,106,3365.353264
0,35173,3420.43286
0,53,3420.484474
0,61,3420.541866
0,4197,3427.313916
0,105,3427.421234
0,39,3427.458056
0,20971,3460.072839
0,286,3460.330791
0,175,3461.789709
0,91,3461.875055
0,582,3462.411072
0,91,3462.492287
0,50,3462.538681
0,17597,3490.180233
0,1796,3491.820492
0,80,3491.893487
0,2601,3496.762959
0,63,3496.820934
0,508,3497.28011
0,103,3497.37898
0,219,3497.57748
0,264,3497.816839
0,52,3497.864897
0,441,3499.516852
0,145,3499.65111
0,182,3499.817755
0,28,3499.842828
0,782,3500.556203
0,258,3500.790945
0,609,3501.346769
0,313,3502.883333
0,251,3503.110396
0,1011,3504.034338
0,5923,3513.188693
0,66,3513.247582
0,123,3513.360716
0,32,3513.391142
0,309,3513.675475
0,304,3515.211189
0,147,3515.347826
0,470,3515.773159
0,195,3515.955962
0,149,3516.090591
0,454,3516.501756
0,3481,3522.216344
0,55,3522.267019
0,5227,3531.226013
0,123,3531.344609
0,175,3531.508161
0,113,3531.613738
0,135,3531.744567
0,43,3531.783971
0,354,3532.115887
0,41,3532.153459
0,121,3532.265282
0,69,3532.330278
0,103,3532.426364
0,175,3532.589464
0,862,3534.750449
0,101,3534.844867
0,151,3534.992883
0,158,3535.139383
0,215,3535.33991
0,474,3535.78126
0,162,3535.93733
0,235,3536.155362
0,2380,3540.907252
0,83,3540.985298
43,115,3541.090368
0,441,3541.496417
0,1072,3542.472923
0,115,3542.577344
0,303,3544.188491
0,1778,3545.810935
0,11083,3563.893919
0,49,3563.938335
0,50,3563.983502
0,689,3564.623694
0,205,3564.811948
0,60,3564.866073
0,170,3565.023118
0,32,3565.051989
0,998,3567.302863
117,166,3567.46148
0,207,3567.649977
0,588,3568.189863
0,930,3570.404275
0,86,3570.483911
0,45,3570.526434
0,150,3570.669253
0,206,3570.858601
0,13278,3592.370394
0,106,3592.468751
0,67,3592.531487
0,219,3592.740535
0,85,3592.819599
0,38,3592.854597
0,292,3593.12621
0,757,3593.838125
0,113,3593.943189
0,66,3594.003259
0,234,3595.518809
0,170,3595.679313
0,1272,3596.869901
0,679,3598.817542
0,82,3598.894404
0,376,3599.249835
0,62,3599.306684
0,88,3599.389465
0,172,3599.549459
0,68,3599.611798
0,226,3599.82137
0,12229,3619.34845
0,390,3619.720548
0,504,3621.536927
0,61,3621.595589
0,245,3621.835208
